"ProcessingID,OrderID,LabID,ReceivedDate,CompletedDate,ProcessingTimeHours"
"1,218,4,2023-07-01,2024-12-19,12888.0"
"2,506,4,2024-03-23,2024-08-17,3528.0"
"3,333,10,2023-05-18,2025-01-16,14616.0"
"4,782,3,2023-06-13,2025-04-16,16152.0"
"5,930,5,2023-12-29,2025-03-12,10536.0"
"6,123,6,2023-12-16,2024-05-16,3648.0"
"7,403,1,2023-11-23,2024-12-21,9456.0"
"8,293,7,2024-02-16,2025-01-07,7824.0"
"9,226,1,2024-03-21,2024-08-10,3408.0"
"10,751,5,2023-09-04,2025-03-14,13368.0"
"11,646,8,2023-10-06,2025-04-22,13536.0"
"12,245,2,2023-12-23,2024-10-07,6936.0"
"13,988,7,2023-11-15,2024-07-16,5856.0"
"14,973,1,2023-09-06,2025-01-02,11616.0"
"15,536,5,2023-12-31,2025-05-06,11808.0"
"16,81,5,2023-11-30,2025-01-03,9600.0"
"17,297,3,2023-10-30,2024-06-11,5400.0"
"18,41,1,2023-06-28,2024-12-25,13104.0"
"19,677,7,2023-11-18,2024-07-20,5880.0"
"20,813,5,2023-07-26,2025-02-06,13464.0"
"21,565,6,2023-10-30,2024-11-21,9312.0"
"22,491,4,2023-09-13,2024-12-04,10752.0"
"23,257,9,2024-03-19,2025-03-02,8352.0"
"24,425,10,2024-04-15,2024-08-25,3168.0"
"25,558,10,2023-10-10,2024-11-25,9888.0"
"26,680,7,2023-10-08,2024-07-05,6504.0"
"27,273,5,2023-06-12,2024-07-30,9936.0"
"28,768,8,2023-08-15,2025-03-16,13896.0"
"29,931,8,2023-11-26,2025-02-11,10632.0"
"30,500,3,2023-08-20,2024-11-27,11160.0"
"31,384,7,2023-07-24,2024-12-09,12096.0"
"32,879,9,2024-03-18,2024-07-28,3168.0"
"33,642,4,2024-04-08,2024-05-16,912.0"
"34,718,10,2023-11-22,2025-03-15,11496.0"
"35,442,2,2024-01-10,2024-10-28,7008.0"
"36,45,2,2023-07-26,2024-10-10,10608.0"
"37,588,10,2024-03-21,2025-04-10,9240.0"
"38,542,4,2023-07-05,2025-03-14,14832.0"
"39,698,8,2024-04-21,2024-10-22,4416.0"
"40,545,9,2023-08-31,2024-06-18,7008.0"
"41,412,5,2023-10-01,2024-05-28,5760.0"
"42,428,5,2023-06-12,2025-03-03,15120.0"
"43,481,1,2023-10-14,2024-11-11,9456.0"
"44,33,6,2023-07-12,2025-04-09,15288.0"
"45,560,6,2023-08-21,2024-08-26,8904.0"
"46,979,2,2024-04-18,2024-11-08,4896.0"
"47,61,1,2023-09-30,2025-02-16,12120.0"
"48,455,9,2023-06-10,2025-02-17,14832.0"
"49,150,7,2023-12-22,2025-05-05,12000.0"
"50,6,7,2023-06-17,2024-05-30,8352.0"
"51,745,2,2024-03-10,2024-12-11,6624.0"
"52,831,5,2024-03-14,2025-04-07,9336.0"
"53,279,1,2024-01-19,2025-01-21,8832.0"
"54,858,10,2023-09-28,2025-03-22,12984.0"
"55,167,8,2023-11-25,2025-02-22,10920.0"
"56,119,7,2023-10-21,2025-04-28,13320.0"
"57,627,2,2023-10-04,2025-04-09,13272.0"
"58,758,7,2024-03-02,2025-01-21,7800.0"
"59,873,9,2023-07-08,2025-03-17,14832.0"
"60,598,10,2023-12-11,2025-03-25,11280.0"
"61,42,2,2024-04-18,2024-06-04,1128.0"
"62,12,10,2024-05-15,2024-09-19,3048.0"
"63,757,2,2023-07-22,2025-03-27,14736.0"
"64,32,1,2024-04-09,2025-02-22,7656.0"
"65,78,2,2023-08-22,2025-04-02,14136.0"
"66,237,1,2023-10-24,2024-10-27,8856.0"
"67,231,4,2024-03-26,2024-12-03,6048.0"
"68,154,4,2023-12-21,2025-03-03,10512.0"
"69,44,9,2023-06-18,2024-08-12,10104.0"
"70,402,7,2023-11-14,2025-02-16,11040.0"
"71,42,3,2023-07-04,2024-11-30,12360.0"
"72,286,7,2024-02-20,2024-06-18,2856.0"
"73,344,2,2023-12-02,2025-02-04,10320.0"
"74,605,1,2023-06-15,2025-05-08,16632.0"
"75,778,6,2023-08-23,2024-10-17,10104.0"
"76,544,3,2023-05-29,2025-02-03,14784.0"
"77,416,7,2023-10-01,2024-09-13,8352.0"
"78,44,8,2024-02-22,2024-08-01,3864.0"
"79,804,1,2023-06-08,2024-06-12,8880.0"
"80,684,1,2023-10-20,2024-05-19,5088.0"
"81,609,5,2023-10-31,2024-05-17,4776.0"
"82,777,1,2024-03-11,2025-04-16,9624.0"
"83,760,10,2023-09-03,2024-08-22,8496.0"
"84,5,5,2024-04-09,2024-10-03,4248.0"
"85,248,5,2023-06-27,2024-10-06,11208.0"
"86,246,1,2023-07-04,2024-07-06,8832.0"
"87,411,7,2023-10-30,2024-07-03,5928.0"
"88,36,3,2023-11-28,2024-11-11,8376.0"
"89,589,6,2024-02-27,2025-04-07,9720.0"
"90,286,9,2023-09-30,2025-04-07,13320.0"
"91,832,3,2023-07-10,2024-10-29,11448.0"
"92,444,4,2023-10-13,2024-12-20,10416.0"
"93,6,5,2023-11-05,2025-03-17,11952.0"
"94,633,10,2023-10-25,2024-11-09,9144.0"
"95,145,6,2024-04-03,2025-01-19,6984.0"
"96,503,1,2023-07-11,2024-10-20,11208.0"
"97,881,6,2023-12-22,2025-02-09,9960.0"
"98,993,7,2023-12-05,2024-10-21,7704.0"
"99,705,6,2024-01-17,2025-01-29,9072.0"
"100,919,5,2023-07-22,2025-04-30,15552.0"
"101,798,6,2023-12-25,2024-07-18,4944.0"
"102,624,7,2023-12-15,2024-08-15,5856.0"
"103,544,6,2023-07-03,2024-10-23,11472.0"
"104,383,10,2023-11-25,2024-11-25,8784.0"
"105,97,4,2023-06-01,2024-09-28,11640.0"
"106,240,10,2024-01-10,2024-11-27,7728.0"
"107,773,4,2023-06-19,2025-03-06,15024.0"
"108,426,8,2024-03-20,2025-03-13,8592.0"
"109,118,5,2024-03-13,2024-08-12,3648.0"
"110,482,4,2023-10-09,2024-06-25,6240.0"
"111,389,6,2023-10-04,2024-09-18,8400.0"
"112,442,5,2024-01-15,2024-06-11,3552.0"
"113,90,7,2023-06-25,2025-04-03,15552.0"
"114,199,6,2024-03-02,2024-08-18,4056.0"
"115,714,5,2023-08-08,2024-09-02,9384.0"
"116,662,8,2023-09-30,2024-05-21,5616.0"
"117,771,3,2023-10-04,2024-09-19,8424.0"
"118,972,6,2023-07-28,2025-02-25,13872.0"
"119,850,3,2024-04-28,2024-12-24,5760.0"
"120,132,8,2023-10-13,2024-11-18,9648.0"
"121,734,5,2024-03-26,2024-12-12,6264.0"
"122,536,9,2023-11-29,2025-01-10,9792.0"
"123,309,6,2023-08-05,2025-01-17,12744.0"
"124,261,1,2024-01-14,2025-01-25,9048.0"
"125,933,3,2023-08-17,2025-01-21,12552.0"
"126,757,5,2023-08-27,2025-01-05,11928.0"
"127,632,9,2024-03-14,2024-08-28,4008.0"
"128,317,1,2024-01-19,2025-01-09,8544.0"
"129,722,1,2023-12-07,2024-10-28,7824.0"
"130,865,5,2023-06-13,2025-01-22,14136.0"
"131,604,1,2023-11-23,2024-12-20,9432.0"
"132,980,8,2023-07-23,2025-02-08,13584.0"
"133,670,7,2024-04-17,2024-05-24,888.0"
"134,286,7,2023-06-11,2024-10-13,11760.0"
"135,112,7,2023-10-03,2025-02-06,11808.0"
"136,436,4,2024-03-08,2024-10-06,5088.0"
"137,367,1,2023-06-13,2024-06-21,8976.0"
"138,26,1,2024-04-07,2024-07-26,2640.0"
"139,676,7,2023-06-09,2025-02-25,15048.0"
"140,999,1,2023-08-12,2025-02-04,13008.0"
"141,509,1,2024-05-05,2025-03-18,7608.0"
"142,366,4,2023-12-13,2025-03-09,10848.0"
"143,337,2,2023-07-13,2025-02-20,14112.0"
"144,139,7,2024-01-28,2024-08-07,4608.0"
"145,647,7,2023-06-09,2025-02-02,14496.0"
"146,355,4,2024-03-16,2025-03-01,8400.0"
"147,614,6,2023-12-05,2025-05-07,12456.0"
"148,759,4,2023-07-19,2024-11-12,11568.0"
"149,776,2,2023-07-08,2024-06-28,8544.0"
"150,230,10,2023-06-18,2024-09-17,10968.0"
"151,703,7,2023-10-26,2024-08-01,6720.0"
"152,243,2,2023-12-17,2024-11-08,7848.0"
"153,545,9,2024-02-14,2024-10-06,5640.0"
"154,717,1,2024-02-09,2024-08-08,4344.0"
"155,576,3,2023-09-11,2025-01-06,11592.0"
"156,33,5,2024-02-20,2024-07-03,3216.0"
"157,648,4,2024-02-08,2025-02-16,8976.0"
"158,421,7,2023-07-19,2025-01-28,13416.0"
"159,456,2,2023-11-17,2025-02-09,10800.0"
"160,229,1,2023-06-08,2024-07-27,9960.0"
"161,566,3,2024-02-04,2024-05-23,2616.0"
"162,709,3,2023-05-21,2025-04-03,16392.0"
"163,360,2,2023-09-09,2025-01-20,11976.0"
"164,453,1,2023-08-23,2024-08-18,8664.0"
"165,642,5,2024-04-02,2024-10-12,4632.0"
"166,422,2,2023-07-27,2024-12-14,12144.0"
"167,310,8,2023-06-23,2025-04-04,15624.0"
"168,585,2,2023-08-16,2024-08-12,8688.0"
"169,720,2,2023-12-22,2025-01-02,9048.0"
"170,806,6,2023-08-19,2025-04-13,14472.0"
"171,607,3,2024-05-11,2024-08-24,2520.0"
"172,320,2,2024-01-30,2024-10-10,6096.0"
"173,880,1,2023-09-26,2024-10-10,9120.0"
"174,37,9,2024-03-30,2024-11-04,5256.0"
"175,909,8,2023-09-23,2024-09-13,8544.0"
"176,545,10,2023-08-27,2024-08-25,8736.0"
"177,171,3,2023-10-04,2024-10-21,9192.0"
"178,931,6,2024-03-12,2025-01-08,7248.0"
"179,872,4,2024-02-27,2025-04-08,9744.0"
"180,386,4,2024-02-27,2024-06-13,2568.0"
"181,487,7,2023-08-19,2024-07-25,8184.0"
"182,260,2,2023-07-16,2024-06-08,7872.0"
"183,705,9,2024-04-11,2024-09-25,4008.0"
"184,91,1,2024-01-08,2024-10-12,6672.0"
"185,871,2,2023-06-03,2024-11-26,13008.0"
"186,872,5,2023-11-19,2024-10-21,8088.0"
"187,662,2,2024-03-05,2025-01-28,7896.0"
"188,489,10,2024-04-27,2024-11-10,4728.0"
"189,303,10,2024-01-23,2024-07-25,4416.0"
"190,694,2,2023-11-30,2024-12-19,9240.0"
"191,642,3,2024-01-12,2024-08-08,5016.0"
"192,229,10,2024-05-15,2025-04-20,8160.0"
"193,817,9,2023-06-29,2025-01-26,13848.0"
"194,31,8,2023-06-26,2025-02-04,14136.0"
"195,280,10,2023-06-07,2025-03-05,15288.0"
"196,861,1,2023-12-28,2025-03-27,10920.0"
"197,858,5,2023-08-12,2024-09-11,9504.0"
"198,565,2,2023-12-22,2024-06-12,4152.0"
"199,691,9,2023-11-10,2025-04-09,12384.0"
"200,404,2,2024-02-12,2024-07-04,3432.0"
"201,238,7,2023-05-20,2024-07-28,10440.0"
"202,610,9,2023-09-21,2025-04-11,13632.0"
"203,441,4,2023-11-21,2024-10-11,7800.0"
"204,863,2,2023-05-22,2025-02-13,15192.0"
"205,22,8,2023-08-18,2025-05-14,15240.0"
"206,64,3,2024-01-14,2024-08-11,5040.0"
"207,915,9,2024-04-12,2025-02-05,7176.0"
"208,135,7,2023-07-05,2024-09-06,10296.0"
"209,462,7,2023-08-08,2024-12-28,12192.0"
"210,364,3,2023-10-26,2025-01-07,10536.0"
"211,275,8,2023-07-25,2024-05-27,7368.0"
"212,230,7,2023-11-16,2024-11-08,8592.0"
"213,428,2,2023-07-27,2024-05-29,7368.0"
"214,265,10,2024-03-03,2025-03-10,8928.0"
"215,573,9,2023-12-27,2024-05-24,3576.0"
"216,78,5,2023-08-24,2024-11-08,10608.0"
"217,93,3,2023-11-09,2025-02-17,11184.0"
"218,354,7,2024-03-07,2025-03-03,8664.0"
"219,449,5,2023-08-26,2024-11-18,10800.0"
"220,892,6,2024-01-12,2024-07-18,4512.0"
"221,439,8,2023-10-15,2025-02-18,11808.0"
"222,977,5,2023-05-18,2024-08-17,10968.0"
"223,738,3,2023-12-28,2025-02-28,10272.0"
"224,920,7,2023-10-19,2025-04-21,13200.0"
"225,587,2,2023-06-14,2024-12-21,13344.0"
"226,702,6,2024-03-13,2024-11-24,6144.0"
"227,295,2,2023-12-02,2025-04-07,11808.0"
"228,851,5,2023-08-20,2024-12-31,11976.0"
"229,125,7,2024-04-02,2024-11-04,5184.0"
"230,747,1,2024-03-21,2025-02-05,7704.0"
"231,406,10,2024-02-17,2024-06-12,2784.0"
"232,633,5,2023-10-01,2024-06-16,6216.0"
"233,144,4,2024-02-26,2025-01-11,7680.0"
"234,379,6,2023-10-02,2025-03-17,12768.0"
"235,360,6,2023-12-05,2025-04-22,12096.0"
"236,695,1,2024-02-05,2024-08-11,4512.0"
"237,746,7,2023-12-02,2025-01-20,9960.0"
"238,16,6,2023-09-23,2024-06-10,6264.0"
"239,473,2,2024-03-07,2025-03-10,8832.0"
"240,310,10,2024-04-25,2025-03-20,7896.0"
"241,543,4,2024-04-04,2025-01-05,6624.0"
"242,620,5,2023-08-17,2024-09-04,9216.0"
"243,459,3,2023-10-04,2025-02-26,12264.0"
"244,126,2,2023-05-30,2024-07-23,10080.0"
"245,574,3,2023-09-15,2024-12-17,11016.0"
"246,856,8,2023-06-01,2024-07-08,9672.0"
"247,116,3,2023-12-14,2024-07-17,5184.0"
"248,759,2,2023-12-29,2024-06-04,3792.0"
"249,572,6,2024-01-06,2024-11-08,7368.0"
"250,236,4,2024-01-22,2025-04-29,11112.0"
"251,198,3,2023-11-17,2024-05-25,4560.0"
"252,156,6,2024-04-01,2024-06-30,2160.0"
"253,624,10,2023-11-28,2024-06-15,4800.0"
"254,75,10,2023-08-24,2025-04-01,14064.0"
"255,426,2,2024-04-27,2025-01-02,6000.0"
"256,120,10,2024-03-14,2024-08-07,3504.0"
"257,664,4,2023-11-13,2025-02-07,10848.0"
"258,292,4,2023-08-17,2024-12-02,11352.0"
"259,794,9,2024-03-27,2024-12-19,6408.0"
"260,989,10,2023-12-24,2024-11-14,7824.0"
"261,546,7,2024-03-22,2024-09-02,3936.0"
"262,837,7,2023-06-01,2024-09-26,11592.0"
"263,333,6,2024-04-27,2024-09-07,3192.0"
"264,391,10,2024-02-21,2024-12-26,7416.0"
"265,80,9,2023-10-15,2024-07-05,6336.0"
"266,399,1,2024-05-06,2025-05-10,8856.0"
"267,667,5,2023-12-14,2024-10-16,7368.0"
"268,229,4,2023-08-04,2025-02-16,13488.0"
"269,72,10,2024-01-04,2024-06-23,4104.0"
"270,645,9,2024-03-03,2024-06-18,2568.0"
"271,49,2,2023-07-27,2025-01-07,12720.0"
"272,27,5,2023-10-18,2024-11-26,9720.0"
"273,567,4,2024-04-26,2024-12-08,5424.0"
"274,680,7,2023-07-30,2025-01-31,13224.0"
"275,658,4,2023-09-12,2024-08-15,8112.0"
"276,959,5,2023-06-09,2024-11-29,12936.0"
"277,879,5,2023-07-03,2025-04-08,15480.0"
"278,766,2,2024-02-21,2024-08-13,4176.0"
"279,139,2,2024-01-01,2025-01-10,9000.0"
"280,592,6,2023-05-19,2024-11-24,13320.0"
"281,543,5,2023-11-19,2024-08-03,6192.0"
"282,29,3,2024-04-21,2025-03-28,8184.0"
"283,753,7,2023-08-24,2024-11-26,11040.0"
"284,972,3,2023-10-10,2024-06-07,5784.0"
"285,705,10,2024-04-10,2024-09-13,3744.0"
"286,35,10,2023-12-17,2025-03-14,10872.0"
"287,868,10,2023-10-25,2024-07-18,6408.0"
"288,49,8,2023-11-16,2024-09-07,7104.0"
"289,16,8,2023-12-18,2024-11-29,8328.0"
"290,327,2,2023-11-26,2024-11-28,8832.0"
"291,266,3,2023-07-28,2024-06-08,7584.0"
"292,789,4,2023-11-27,2024-08-04,6024.0"
"293,845,6,2024-01-26,2025-03-29,10272.0"
"294,65,8,2023-06-25,2024-07-30,9624.0"
"295,992,1,2024-04-07,2024-07-08,2208.0"
"296,667,3,2023-09-21,2024-11-10,9984.0"
"297,880,4,2023-12-08,2024-12-23,9144.0"
"298,130,1,2023-11-12,2024-11-19,8952.0"
"299,951,4,2024-04-14,2025-02-05,7128.0"
"300,755,2,2023-06-23,2024-09-15,10800.0"
"301,757,10,2023-11-17,2024-08-06,6312.0"
"302,244,9,2023-06-04,2025-03-08,15432.0"
"303,717,1,2023-06-02,2024-08-31,10944.0"
"304,543,4,2024-03-06,2024-05-30,2040.0"
"305,684,2,2023-08-09,2025-03-25,14256.0"
"306,153,9,2023-06-09,2025-05-01,16608.0"
"307,733,10,2023-09-12,2024-08-08,7944.0"
"308,599,3,2023-07-26,2024-12-15,12192.0"
"309,530,3,2023-10-25,2024-12-29,10344.0"
"310,406,2,2023-12-04,2024-07-12,5304.0"
"311,708,6,2024-04-01,2025-01-26,7200.0"
"312,399,8,2024-02-18,2024-10-06,5544.0"
"313,960,3,2023-12-16,2024-12-27,9048.0"
"314,594,3,2023-11-07,2024-06-11,5208.0"
"315,285,1,2023-08-16,2024-07-24,8232.0"
"316,664,8,2023-07-07,2024-05-28,7824.0"
"317,244,9,2023-11-04,2025-03-13,11880.0"
"318,53,10,2024-04-05,2025-03-09,8112.0"
"319,410,9,2024-02-04,2025-04-25,10704.0"
"320,553,2,2024-05-03,2024-08-21,2640.0"
"321,447,9,2023-05-21,2025-03-20,16056.0"
"322,765,7,2023-06-17,2024-06-27,9024.0"
"323,436,3,2023-09-15,2024-06-07,6384.0"
"324,770,2,2023-05-20,2024-09-26,11880.0"
"325,207,6,2023-08-02,2025-02-18,13584.0"
"326,421,1,2023-11-19,2025-04-13,12264.0"
"327,673,4,2023-09-09,2024-09-24,9144.0"
"328,220,3,2024-03-31,2025-03-12,8304.0"
"329,844,5,2024-05-08,2024-11-06,4368.0"
"330,222,1,2023-06-16,2024-08-05,9984.0"
"331,813,3,2024-04-30,2024-07-02,1512.0"
"332,950,4,2023-06-03,2024-06-27,9360.0"
"333,333,10,2023-11-01,2025-03-12,11928.0"
"334,999,6,2024-02-10,2025-04-27,10608.0"
"335,336,4,2023-09-21,2025-04-19,13824.0"
"336,303,4,2023-12-25,2024-09-19,6456.0"
"337,18,4,2024-02-29,2024-09-22,4944.0"
"338,744,5,2024-04-26,2025-03-15,7752.0"
"339,242,2,2023-06-10,2025-05-02,16608.0"
"340,234,5,2024-05-06,2025-02-27,7128.0"
"341,989,3,2024-03-31,2024-08-08,3120.0"
"342,881,3,2023-08-26,2024-08-19,8616.0"
"343,423,6,2023-09-05,2024-12-01,10872.0"
"344,778,10,2023-11-22,2025-01-02,9768.0"
"345,222,3,2023-12-16,2024-06-01,4032.0"
"346,566,7,2024-05-10,2024-07-13,1536.0"
"347,870,10,2024-01-13,2024-12-01,7752.0"
"348,656,10,2023-09-19,2024-10-20,9528.0"
"349,963,6,2023-07-11,2024-11-27,12120.0"
"350,175,4,2024-03-18,2024-09-20,4464.0"
"351,693,2,2024-01-01,2024-10-23,7104.0"
"352,95,7,2023-10-12,2024-11-17,9648.0"
"353,354,1,2024-01-05,2024-12-01,7944.0"
"354,243,8,2023-09-18,2024-07-07,7032.0"
"355,40,1,2024-05-07,2024-09-09,3000.0"
"356,888,7,2024-01-01,2025-02-11,9768.0"
"357,704,1,2023-12-19,2024-09-30,6864.0"
"358,497,1,2023-12-19,2025-03-14,10824.0"
"359,547,2,2023-11-15,2025-04-18,12480.0"
"360,184,1,2023-11-27,2024-10-07,7560.0"
"361,5,2,2023-06-06,2025-02-03,14592.0"
"362,716,1,2024-02-16,2025-05-10,10776.0"
"363,803,8,2024-03-29,2024-06-21,2016.0"
"364,119,1,2024-01-21,2025-03-11,9960.0"
"365,1000,10,2023-10-22,2024-10-30,8976.0"
"366,269,8,2024-01-01,2024-12-31,8760.0"
"367,918,9,2023-09-17,2024-11-12,10128.0"
"368,294,6,2024-03-04,2024-08-29,4272.0"
"369,813,2,2023-08-13,2024-06-26,7632.0"
"370,335,1,2024-02-16,2025-02-20,8880.0"
"371,33,1,2024-02-26,2024-07-02,3048.0"
"372,989,2,2024-04-15,2025-02-26,7608.0"
"373,313,4,2023-11-22,2025-01-08,9912.0"
"374,505,1,2023-07-01,2024-09-29,10944.0"
"375,240,5,2023-07-31,2024-08-28,9456.0"
"376,95,4,2024-04-29,2025-01-11,6168.0"
"377,133,7,2023-08-13,2024-09-23,9768.0"
"378,592,5,2023-11-02,2024-08-25,7128.0"
"379,897,2,2024-03-13,2025-02-10,8016.0"
"380,435,9,2024-01-16,2024-12-13,7968.0"
"381,190,1,2023-10-11,2025-02-14,11808.0"
"382,132,1,2024-02-27,2024-10-19,5640.0"
"383,523,9,2024-04-11,2024-07-29,2616.0"
"384,201,10,2023-11-06,2025-01-11,10368.0"
"385,634,5,2024-03-15,2024-11-28,6192.0"
"386,998,1,2023-11-20,2024-06-19,5088.0"
"387,366,9,2023-08-27,2024-11-26,10968.0"
"388,987,10,2023-12-14,2024-08-06,5664.0"
"389,951,2,2023-09-19,2025-04-18,13848.0"
"390,33,10,2023-06-11,2024-11-25,12792.0"
"391,386,4,2024-01-31,2024-11-04,6672.0"
"392,180,9,2023-11-24,2024-10-18,7896.0"
"393,865,7,2024-03-25,2024-09-11,4080.0"
"394,71,8,2024-02-27,2024-05-27,2160.0"
"395,73,7,2023-05-17,2024-12-23,14064.0"
"396,115,4,2023-09-25,2025-03-09,12744.0"
"397,768,2,2024-02-16,2024-05-31,2520.0"
"398,593,1,2024-01-22,2024-11-22,7320.0"
"399,799,5,2023-11-07,2025-04-17,12648.0"
"400,984,6,2023-10-08,2024-08-18,7560.0"
"401,366,3,2024-03-12,2024-12-30,7032.0"
"402,841,10,2024-02-19,2024-08-01,3936.0"
"403,258,3,2024-04-06,2024-08-18,3216.0"
"404,883,1,2023-08-05,2025-03-02,13800.0"
"405,319,5,2023-07-14,2024-07-30,9168.0"
"406,86,9,2023-08-02,2024-07-30,8712.0"
"407,469,6,2024-05-11,2025-03-29,7728.0"
"408,433,3,2023-10-12,2024-11-09,9456.0"
"409,823,8,2023-08-10,2025-04-20,14856.0"
"410,600,7,2023-07-21,2024-10-15,10848.0"
"411,187,2,2023-10-01,2024-09-06,8184.0"
"412,272,2,2023-05-22,2024-07-18,10152.0"
"413,838,3,2024-05-01,2024-06-25,1320.0"
"414,288,7,2023-07-22,2024-12-24,12504.0"
"415,599,6,2023-06-06,2024-08-05,10224.0"
"416,818,1,2023-11-25,2025-05-07,12696.0"
"417,384,2,2023-12-09,2024-05-16,3816.0"
"418,70,7,2024-01-29,2025-02-01,8856.0"
"419,302,9,2024-05-14,2024-12-13,5112.0"
"420,354,8,2024-03-28,2025-02-14,7752.0"
"421,959,6,2023-08-17,2025-01-18,12480.0"
"422,95,10,2024-01-12,2025-03-14,10248.0"
"423,500,1,2023-09-01,2024-08-08,8208.0"
"424,759,7,2024-04-24,2025-02-05,6888.0"
"425,96,10,2023-10-25,2024-09-02,7512.0"
"426,324,1,2024-04-14,2025-04-27,9072.0"
"427,832,10,2024-03-20,2025-04-14,9360.0"
"428,460,5,2023-10-17,2025-02-21,11832.0"
"429,443,1,2024-03-23,2024-10-10,4824.0"
"430,80,2,2024-02-08,2024-09-29,5616.0"
"431,736,6,2024-01-31,2025-04-11,10464.0"
"432,521,1,2023-11-05,2024-06-09,5208.0"
"433,709,7,2023-09-27,2024-09-08,8328.0"
"434,669,2,2023-08-19,2025-03-07,13584.0"
"435,83,6,2023-05-25,2024-11-07,12768.0"
"436,922,7,2024-05-04,2024-12-15,5400.0"
"437,878,2,2024-03-04,2024-12-25,7104.0"
"438,786,5,2023-07-21,2024-08-08,9216.0"
"439,496,3,2023-12-19,2024-08-23,5952.0"
"440,124,5,2024-03-29,2025-05-02,9576.0"
"441,657,8,2024-02-03,2024-12-17,7632.0"
"442,644,10,2023-12-07,2025-01-02,9408.0"
"443,605,9,2023-11-02,2025-02-16,11328.0"
"444,35,6,2024-03-12,2024-09-25,4728.0"
"445,6,1,2023-11-20,2025-03-17,11592.0"
"446,178,1,2023-06-12,2024-09-24,11280.0"
"447,780,5,2023-11-26,2024-06-30,5208.0"
"448,691,10,2023-11-28,2025-03-19,11448.0"
"449,199,6,2023-12-19,2024-11-13,7920.0"
"450,828,1,2024-03-09,2025-01-06,7272.0"
"451,263,4,2023-08-11,2024-06-22,7584.0"
"452,904,1,2023-06-19,2024-07-30,9768.0"
"453,54,3,2023-09-09,2025-03-11,13176.0"
"454,176,6,2023-11-01,2024-12-30,10200.0"
"455,169,1,2023-12-30,2024-11-02,7392.0"
"456,593,6,2023-06-13,2025-03-11,15288.0"
"457,391,8,2023-07-12,2024-08-23,9792.0"
"458,630,7,2024-01-15,2024-10-05,6336.0"
"459,114,5,2023-11-06,2024-09-10,7416.0"
"460,326,8,2024-03-22,2025-05-05,9816.0"
"461,514,8,2023-08-25,2025-01-23,12408.0"
"462,504,7,2024-04-11,2024-06-06,1344.0"
"463,708,2,2024-05-10,2024-08-08,2160.0"
"464,171,3,2023-07-30,2025-02-25,13824.0"
"465,654,8,2024-03-28,2025-03-17,8496.0"
"466,923,8,2023-11-01,2024-09-29,7992.0"
"467,241,4,2024-03-29,2024-09-11,3984.0"
"468,994,8,2024-03-17,2025-03-31,9096.0"
"469,545,9,2023-11-21,2024-09-04,6912.0"
"470,923,7,2023-11-06,2025-03-06,11664.0"
"471,879,6,2023-10-27,2024-09-30,8136.0"
"472,252,10,2023-07-11,2024-11-28,12144.0"
"473,73,5,2023-07-22,2024-11-03,11280.0"
"474,375,7,2023-08-09,2025-03-10,13896.0"
"475,448,3,2024-04-10,2025-02-02,7152.0"
"476,303,9,2023-12-14,2024-11-15,8088.0"
"477,17,2,2024-05-15,2025-02-01,6288.0"
"478,523,9,2023-06-09,2024-09-21,11280.0"
"479,299,5,2023-10-20,2024-06-09,5592.0"
"480,948,4,2023-10-21,2025-02-08,11424.0"
"481,624,1,2023-06-11,2024-10-14,11784.0"
"482,586,2,2024-03-09,2025-01-29,7824.0"
"483,955,9,2024-03-11,2025-05-13,10272.0"
"484,744,9,2023-08-05,2024-07-29,8616.0"
"485,246,3,2023-12-23,2024-07-26,5184.0"
"486,633,8,2023-12-05,2024-08-05,5856.0"
"487,287,5,2023-09-17,2025-05-04,14280.0"
"488,157,10,2023-09-25,2024-09-28,8856.0"
"489,901,7,2024-02-18,2024-12-13,7176.0"
"490,656,1,2023-06-01,2024-12-24,13728.0"
"491,810,4,2023-12-01,2024-10-01,7320.0"
"492,498,7,2024-04-19,2024-07-15,2088.0"
"493,57,10,2023-12-08,2024-12-06,8736.0"
"494,604,10,2023-11-26,2024-06-04,4584.0"
"495,402,7,2023-11-21,2024-08-11,6336.0"
"496,517,9,2023-06-08,2024-10-03,11592.0"
"497,371,8,2023-08-09,2024-09-26,9936.0"
"498,958,2,2023-08-30,2024-06-07,6768.0"
"499,611,1,2023-11-27,2024-07-12,5472.0"
"500,472,8,2024-02-01,2025-01-25,8616.0"
"501,803,3,2024-03-27,2024-07-15,2640.0"
"502,392,3,2024-02-25,2024-09-27,5160.0"
"503,622,6,2023-09-06,2024-10-10,9600.0"
"504,988,8,2024-04-06,2025-02-05,7320.0"
"505,756,8,2023-10-28,2024-07-16,6288.0"
"506,62,5,2024-05-15,2024-11-21,4560.0"
"507,294,2,2023-06-14,2024-08-10,10152.0"
"508,162,7,2023-06-25,2025-04-29,16176.0"
"509,34,6,2023-05-30,2024-11-28,13152.0"
"510,305,9,2023-11-04,2025-04-24,12888.0"
"511,610,3,2023-09-12,2024-09-11,8760.0"
"512,541,9,2024-05-09,2025-01-22,6192.0"
"513,207,6,2023-12-04,2024-12-09,8904.0"
"514,902,2,2024-04-02,2025-02-25,7896.0"
"515,158,10,2024-02-05,2025-04-22,10608.0"
"516,254,6,2023-12-18,2025-04-02,11304.0"
"517,248,1,2023-08-15,2024-09-26,9792.0"
"518,4,9,2024-01-09,2025-02-13,9624.0"
"519,812,9,2023-06-03,2024-11-17,12792.0"
"520,242,3,2024-02-14,2025-01-22,8232.0"
"521,697,7,2024-05-08,2024-10-19,3936.0"
"522,694,10,2023-10-25,2024-12-12,9936.0"
"523,467,1,2024-05-10,2025-04-05,7920.0"
"524,515,2,2023-12-19,2024-06-12,4224.0"
"525,73,9,2024-01-12,2024-11-01,7056.0"
"526,477,6,2023-06-24,2024-12-31,13344.0"
"527,491,9,2023-11-11,2025-02-03,10800.0"
"528,663,2,2023-07-28,2025-04-20,15168.0"
"529,129,8,2024-01-29,2024-11-04,6720.0"
"530,413,6,2024-04-11,2024-12-05,5712.0"
"531,737,8,2023-10-18,2024-09-04,7728.0"
"532,966,2,2023-07-04,2024-09-03,10248.0"
"533,522,4,2023-09-22,2025-05-09,14280.0"
"534,594,9,2023-11-10,2024-05-30,4848.0"
"535,185,1,2024-01-20,2024-11-18,7272.0"
"536,262,8,2024-01-02,2025-03-30,10872.0"
"537,962,9,2024-02-17,2025-04-20,10272.0"
"538,515,4,2024-04-06,2025-03-05,7992.0"
"539,425,2,2023-11-19,2024-08-11,6384.0"
"540,904,5,2023-07-01,2024-05-28,7968.0"
"541,516,8,2024-03-10,2024-10-02,4944.0"
"542,696,1,2024-01-02,2024-12-19,8448.0"
"543,905,3,2024-01-29,2025-01-12,8376.0"
"544,124,1,2023-10-20,2024-12-08,9960.0"
"545,936,5,2023-07-29,2024-08-12,9120.0"
"546,288,4,2023-07-18,2025-02-27,14160.0"
"547,168,9,2024-03-21,2024-07-19,2880.0"
"548,680,1,2023-07-05,2025-04-15,15600.0"
"549,427,7,2024-03-18,2024-08-17,3648.0"
"550,239,9,2024-02-04,2024-11-18,6912.0"
"551,749,9,2023-07-03,2025-05-05,16128.0"
"552,196,7,2023-09-28,2024-07-30,7344.0"
"553,854,2,2023-10-29,2025-01-11,10560.0"
"554,288,9,2023-12-11,2024-11-12,8088.0"
"555,499,6,2024-01-06,2024-07-02,4272.0"
"556,495,8,2024-02-23,2025-01-30,8208.0"
"557,882,4,2024-04-09,2025-04-10,8784.0"
"558,472,9,2023-12-26,2024-12-10,8400.0"
"559,595,8,2024-03-03,2024-09-30,5064.0"
"560,612,7,2023-12-26,2024-11-09,7656.0"
"561,421,5,2024-05-14,2025-04-21,8208.0"
"562,746,8,2023-11-25,2024-12-31,9648.0"
"563,215,1,2023-11-05,2024-07-31,6456.0"
"564,382,2,2023-10-22,2024-08-12,7080.0"
"565,669,2,2023-11-07,2025-04-21,12744.0"
"566,967,7,2024-04-27,2025-01-12,6240.0"
"567,397,1,2023-10-02,2025-05-03,13896.0"
"568,616,6,2023-09-01,2024-10-28,10152.0"
"569,319,7,2023-06-26,2024-08-03,9696.0"
"570,964,4,2023-08-18,2024-10-09,10032.0"
"571,231,6,2023-06-01,2025-03-31,16056.0"
"572,250,3,2023-11-06,2025-02-23,11400.0"
"573,406,8,2023-11-02,2025-05-01,13104.0"
"574,696,2,2023-09-20,2024-11-07,9936.0"
"575,489,4,2024-01-14,2025-03-06,10008.0"
"576,315,7,2024-03-31,2024-12-03,5928.0"
"577,602,5,2024-05-04,2024-09-14,3192.0"
"578,164,9,2024-03-09,2024-06-04,2088.0"
"579,509,7,2023-08-26,2025-05-11,14976.0"
"580,724,10,2023-11-01,2024-11-20,9240.0"
"581,522,3,2023-11-12,2024-06-28,5496.0"
"582,73,5,2024-01-22,2024-06-16,3504.0"
"583,955,5,2024-01-07,2025-04-26,11400.0"
"584,461,1,2024-01-22,2024-06-20,3600.0"
"585,202,3,2024-03-05,2025-02-21,8472.0"
"586,760,4,2024-01-16,2025-01-30,9120.0"
"587,884,3,2023-07-31,2024-08-11,9048.0"
"588,333,2,2023-10-07,2024-11-08,9552.0"
"589,342,9,2023-12-04,2025-03-24,11424.0"
"590,64,2,2023-11-18,2024-10-03,7680.0"
"591,895,4,2023-12-16,2024-05-20,3744.0"
"592,31,6,2024-04-12,2024-06-11,1440.0"
"593,530,1,2024-03-07,2024-12-10,6672.0"
"594,594,2,2023-07-15,2025-01-26,13464.0"
"595,745,5,2024-04-21,2025-05-13,9288.0"
"596,510,2,2024-04-15,2025-03-25,8256.0"
"597,888,3,2023-12-06,2024-09-16,6840.0"
"598,403,6,2024-02-12,2024-07-26,3960.0"
"599,89,8,2023-09-27,2024-08-10,7632.0"
"600,792,10,2024-03-04,2024-09-26,4944.0"
"601,898,7,2023-12-24,2024-11-10,7728.0"
"602,718,7,2023-09-15,2024-09-30,9144.0"
"603,551,6,2023-11-23,2024-11-22,8760.0"
"604,277,7,2024-01-12,2024-10-16,6672.0"
"605,779,4,2023-05-26,2025-03-08,15648.0"
"606,723,4,2023-10-10,2025-04-15,13272.0"
"607,439,2,2023-09-24,2024-05-20,5736.0"
"608,953,1,2024-05-05,2025-05-01,8664.0"
"609,205,3,2024-02-16,2025-04-04,9912.0"
"610,471,8,2023-12-19,2024-11-19,8064.0"
"611,636,7,2024-04-18,2024-08-04,2592.0"
"612,451,4,2023-06-06,2024-09-25,11448.0"
"613,679,6,2023-05-24,2024-06-10,9192.0"
"614,819,4,2024-05-06,2025-03-31,7896.0"
"615,924,8,2023-06-05,2025-03-12,15504.0"
"616,531,7,2023-11-15,2025-01-15,10248.0"
"617,199,5,2023-11-16,2024-07-15,5808.0"
"618,404,7,2023-09-25,2025-04-10,13512.0"
"619,933,9,2023-10-06,2024-11-05,9504.0"
"620,151,4,2023-06-24,2025-05-02,16272.0"
"621,970,5,2023-06-02,2024-09-15,11304.0"
"622,613,4,2023-11-14,2024-11-19,8904.0"
"623,733,9,2024-02-15,2025-03-09,9312.0"
"624,924,8,2024-03-12,2024-11-28,6264.0"
"625,215,6,2023-12-01,2024-08-22,6360.0"
"626,262,4,2023-07-07,2024-06-21,8400.0"
"627,38,7,2024-02-01,2024-06-23,3432.0"
"628,440,2,2024-03-24,2024-10-09,4776.0"
"629,984,7,2024-02-29,2025-01-11,7608.0"
"630,614,3,2023-10-17,2024-08-15,7272.0"
"631,231,6,2023-05-24,2025-04-13,16560.0"
"632,155,2,2023-11-20,2025-04-29,12624.0"
"633,829,6,2023-10-29,2024-09-01,7392.0"
"634,490,9,2024-01-19,2024-07-14,4248.0"
"635,565,10,2023-10-09,2024-12-04,10128.0"
"636,105,6,2023-07-09,2024-09-10,10296.0"
"637,203,9,2024-04-14,2024-06-07,1296.0"
"638,12,4,2023-10-13,2024-07-28,6936.0"
"639,67,6,2024-01-17,2024-09-09,5664.0"
"640,611,7,2024-04-20,2024-11-26,5280.0"
"641,93,2,2023-08-25,2024-09-29,9624.0"
"642,765,2,2023-10-04,2024-07-27,7128.0"
"643,141,5,2023-09-25,2024-09-12,8472.0"
"644,422,8,2023-10-06,2025-04-27,13656.0"
"645,907,9,2023-12-31,2024-08-08,5304.0"
"646,619,1,2023-11-19,2024-10-06,7728.0"
"647,619,3,2023-10-24,2024-06-09,5496.0"
"648,25,6,2023-07-06,2025-03-18,14904.0"
"649,637,6,2023-12-11,2025-02-11,10272.0"
"650,940,2,2024-02-14,2024-10-27,6144.0"
"651,424,2,2024-04-15,2024-09-24,3888.0"
"652,183,4,2023-10-18,2024-09-08,7824.0"
"653,222,5,2023-08-31,2025-05-05,14712.0"
"654,993,4,2024-01-24,2024-09-16,5664.0"
"655,630,1,2024-03-17,2025-02-07,7848.0"
"656,272,6,2024-05-04,2025-03-08,7392.0"
"657,920,3,2024-01-19,2024-09-10,5640.0"
"658,319,4,2024-02-15,2024-07-25,3864.0"
"659,985,10,2024-01-13,2024-10-28,6936.0"
"660,884,1,2023-08-28,2025-04-17,14352.0"
"661,570,10,2023-09-21,2025-01-01,11232.0"
"662,33,4,2023-06-14,2024-08-11,10176.0"
"663,682,2,2023-07-05,2025-02-03,13896.0"
"664,921,7,2023-10-21,2024-07-23,6624.0"
"665,912,3,2023-12-10,2024-08-14,5952.0"
"666,592,8,2023-10-05,2024-08-12,7488.0"
"667,680,2,2024-01-06,2024-06-10,3744.0"
"668,946,8,2024-05-11,2024-09-12,2976.0"
"669,398,3,2023-09-29,2025-04-01,13200.0"
"670,24,8,2023-09-26,2024-09-09,8376.0"
"671,152,10,2023-10-04,2024-10-18,9120.0"
"672,458,4,2023-07-26,2024-07-13,8472.0"
"673,999,8,2023-06-25,2025-03-06,14880.0"
"674,217,7,2023-08-21,2024-11-25,11088.0"
"675,910,8,2023-07-04,2024-06-14,8304.0"
"676,211,3,2023-10-26,2024-11-16,9288.0"
"677,650,7,2024-03-21,2024-08-25,3768.0"
"678,575,7,2023-07-20,2025-02-03,13536.0"
"679,974,10,2024-03-21,2025-01-05,6960.0"
"680,562,3,2024-02-04,2024-08-30,4992.0"
"681,765,1,2023-07-12,2024-09-06,10128.0"
"682,598,8,2024-01-10,2024-10-10,6576.0"
"683,110,4,2024-02-24,2025-05-13,10656.0"
"684,864,9,2023-08-12,2025-03-12,13872.0"
"685,774,3,2024-03-26,2024-06-05,1704.0"
"686,894,5,2023-07-02,2024-06-02,8064.0"
"687,333,5,2023-12-20,2024-09-08,6312.0"
"688,317,5,2023-09-29,2025-05-10,14136.0"
"689,321,8,2023-07-25,2024-10-30,11112.0"
"690,188,5,2023-06-29,2025-03-24,15216.0"
"691,10,3,2023-12-08,2025-03-01,10776.0"
"692,357,9,2024-01-26,2025-05-02,11088.0"
"693,806,7,2023-06-01,2025-01-01,13920.0"
"694,943,7,2023-12-27,2024-12-08,8328.0"
"695,401,5,2023-08-21,2025-01-14,12288.0"
"696,90,6,2023-06-21,2024-11-03,12024.0"
"697,373,9,2023-05-24,2024-12-06,13488.0"
"698,491,6,2023-06-22,2024-08-01,9744.0"
"699,334,5,2023-06-03,2025-04-09,16224.0"
"700,536,2,2023-10-20,2024-07-11,6360.0"
"701,236,3,2024-03-01,2024-10-19,5568.0"
"702,346,9,2024-03-08,2024-07-08,2928.0"
"703,807,9,2023-11-26,2025-02-06,10512.0"
"704,843,4,2023-05-22,2025-03-20,16032.0"
"705,774,9,2024-01-09,2024-11-03,7176.0"
"706,945,1,2024-03-24,2024-10-02,4608.0"
"707,324,3,2023-06-20,2024-11-07,12144.0"
"708,125,8,2024-03-24,2024-10-22,5088.0"
"709,719,10,2023-08-09,2024-11-30,11496.0"
"710,408,7,2023-09-15,2025-04-22,14040.0"
"711,613,9,2023-07-01,2024-11-30,12432.0"
"712,586,5,2023-06-03,2024-12-18,13536.0"
"713,533,5,2023-11-07,2024-06-27,5592.0"
"714,786,10,2023-09-01,2025-01-06,11832.0"
"715,676,5,2024-04-16,2024-08-17,2952.0"
"716,784,8,2024-03-09,2024-11-06,5808.0"
"717,257,1,2024-03-08,2024-05-22,1800.0"
"718,176,1,2023-08-28,2024-07-14,7704.0"
"719,649,4,2023-12-11,2025-04-03,11496.0"
"720,135,7,2024-04-15,2024-08-04,2664.0"
"721,769,3,2023-05-24,2024-07-17,10080.0"
"722,696,3,2024-03-10,2024-06-27,2616.0"
"723,841,6,2023-08-07,2024-12-23,12096.0"
"724,957,7,2023-05-27,2025-01-07,14184.0"
"725,613,5,2023-10-24,2024-06-28,5952.0"
"726,968,5,2023-08-01,2025-01-24,13008.0"
"727,155,8,2024-02-24,2024-10-31,6000.0"
"728,580,2,2023-12-19,2024-06-02,3984.0"
"729,845,5,2023-06-12,2024-10-13,11736.0"
"730,959,2,2024-01-22,2024-12-09,7728.0"
"731,954,8,2024-05-09,2025-02-01,6432.0"
"732,713,1,2023-09-26,2024-12-31,11088.0"
"733,781,8,2024-05-14,2025-01-15,5904.0"
"734,933,6,2023-11-24,2024-10-21,7968.0"
"735,371,8,2023-12-12,2025-05-08,12312.0"
"736,909,5,2023-08-25,2024-07-05,7560.0"
"737,342,9,2024-02-29,2024-07-09,3144.0"
"738,800,8,2024-01-05,2025-02-08,9600.0"
"739,446,10,2023-12-08,2024-12-06,8736.0"
"740,473,8,2023-05-26,2025-01-02,14088.0"
"741,411,3,2023-12-05,2024-11-26,8568.0"
"742,962,9,2024-04-23,2025-01-31,6792.0"
"743,557,2,2023-12-25,2025-05-16,12192.0"
"744,589,4,2024-02-01,2025-02-05,8880.0"
"745,966,10,2023-10-31,2025-02-27,11640.0"
"746,152,6,2023-07-20,2024-08-24,9624.0"
"747,344,9,2023-09-18,2025-04-13,13752.0"
"748,248,10,2023-09-30,2025-03-22,12936.0"
"749,650,6,2023-11-06,2024-11-20,9120.0"
"750,659,1,2023-05-31,2024-07-23,10056.0"
"751,445,4,2023-10-04,2024-11-21,9936.0"
"752,996,4,2023-09-28,2024-06-17,6312.0"
"753,549,8,2024-02-15,2024-09-05,4872.0"
"754,669,10,2024-05-11,2025-05-14,8832.0"
"755,17,7,2023-08-20,2024-07-20,8040.0"
"756,949,3,2024-02-20,2024-06-29,3120.0"
"757,797,1,2024-05-10,2024-11-27,4824.0"
"758,72,3,2023-09-28,2024-11-01,9600.0"
"759,374,9,2024-01-28,2024-09-07,5352.0"
"760,649,8,2024-02-20,2024-06-13,2736.0"
"761,836,4,2023-07-05,2024-06-29,8640.0"
"762,886,8,2023-09-24,2024-07-26,7344.0"
"763,525,2,2024-02-15,2025-04-22,10368.0"
"764,921,9,2024-04-03,2024-10-25,4920.0"
"765,375,4,2024-04-14,2024-08-29,3288.0"
"766,552,6,2023-09-13,2024-06-08,6456.0"
"767,204,3,2023-10-13,2024-06-05,5664.0"
"768,636,5,2023-06-28,2025-03-21,15168.0"
"769,865,2,2024-02-06,2025-04-23,10608.0"
"770,93,8,2023-08-01,2024-12-13,12000.0"
"771,735,7,2024-04-14,2024-06-11,1392.0"
"772,47,5,2023-07-17,2025-02-09,13752.0"
"773,449,6,2024-04-21,2025-04-25,8856.0"
"774,634,2,2023-07-26,2024-11-01,11136.0"
"775,691,4,2023-05-27,2025-03-04,15528.0"
"776,209,1,2023-06-14,2024-12-07,13008.0"
"777,826,1,2023-08-27,2024-12-16,11448.0"
"778,18,4,2024-04-14,2024-05-16,768.0"
"779,525,5,2024-01-28,2025-02-19,9312.0"
"780,784,4,2023-07-19,2024-09-25,10416.0"
"781,692,6,2023-06-28,2024-09-28,10992.0"
"782,622,10,2024-02-28,2025-05-11,10512.0"
"783,770,1,2023-05-25,2025-01-28,14736.0"
"784,423,2,2023-09-09,2024-06-06,6504.0"
"785,311,3,2023-08-09,2024-06-22,7632.0"
"786,655,8,2023-07-27,2025-04-01,14736.0"
"787,578,3,2024-02-18,2024-09-11,4944.0"
"788,928,3,2023-11-19,2024-06-21,5160.0"
"789,352,6,2023-09-23,2025-05-15,14400.0"
"790,488,5,2024-02-25,2024-05-24,2136.0"
"791,837,5,2023-06-06,2024-12-31,13776.0"
"792,699,3,2023-07-22,2024-07-24,8832.0"
"793,215,7,2023-08-14,2024-11-03,10728.0"
"794,710,6,2023-08-01,2024-06-30,8016.0"
"795,981,3,2023-08-06,2024-07-30,8616.0"
"796,841,8,2023-08-16,2024-07-16,8040.0"
"797,813,9,2023-08-22,2025-04-16,14472.0"
"798,117,5,2023-11-16,2025-03-30,12000.0"
"799,38,7,2023-07-23,2025-02-16,13776.0"
"800,683,8,2024-01-08,2025-01-11,8856.0"
"801,292,10,2023-09-16,2024-12-01,10608.0"
"802,505,4,2023-12-28,2024-06-03,3792.0"
"803,277,7,2024-01-02,2025-04-04,10992.0"
"804,293,1,2023-11-05,2024-09-03,7272.0"
"805,85,3,2023-12-16,2025-04-30,12024.0"
"806,575,6,2023-10-12,2024-06-06,5712.0"
"807,797,5,2024-04-27,2025-01-30,6672.0"
"808,776,8,2024-04-10,2024-10-26,4776.0"
"809,769,6,2023-09-06,2024-06-11,6696.0"
"810,205,7,2023-10-24,2024-08-16,7128.0"
"811,304,4,2024-03-21,2025-01-15,7200.0"
"812,798,6,2023-11-22,2025-01-25,10320.0"
"813,402,10,2024-02-26,2025-04-29,10272.0"
"814,552,1,2023-11-14,2025-01-05,10032.0"
"815,87,10,2023-06-01,2025-04-01,16080.0"
"816,558,7,2023-11-09,2025-01-27,10680.0"
"817,719,1,2023-10-12,2024-05-18,5256.0"
"818,955,8,2023-11-25,2024-11-17,8592.0"
"819,546,3,2023-12-27,2024-11-28,8088.0"
"820,948,4,2023-10-23,2024-05-25,5160.0"
"821,42,2,2023-10-06,2024-10-13,8952.0"
"822,432,10,2024-03-28,2025-03-07,8256.0"
"823,644,4,2023-08-05,2024-10-13,10440.0"
"824,967,3,2024-04-24,2024-10-07,3984.0"
"825,90,9,2024-03-03,2025-02-26,8640.0"
"826,880,9,2024-02-09,2025-02-13,8880.0"
"827,369,4,2024-01-19,2025-03-17,10152.0"
"828,765,10,2024-03-15,2025-04-26,9768.0"
"829,235,10,2023-08-16,2024-07-14,7992.0"
"830,273,10,2023-10-06,2024-12-22,10632.0"
"831,280,6,2023-06-24,2024-12-31,13344.0"
"832,399,10,2024-03-20,2024-11-15,5760.0"
"833,466,1,2023-12-13,2024-10-28,7680.0"
"834,718,2,2024-05-07,2025-03-28,7800.0"
"835,391,5,2023-08-01,2024-12-02,11736.0"
"836,278,2,2023-06-23,2025-01-25,13968.0"
"837,220,4,2023-08-27,2024-10-03,9672.0"
"838,313,2,2024-04-30,2024-09-12,3240.0"
"839,430,3,2024-04-26,2024-11-10,4752.0"
"840,528,10,2024-03-16,2024-06-04,1920.0"
"841,6,3,2023-10-23,2024-08-02,6816.0"
"842,55,2,2023-06-08,2024-07-25,9912.0"
"843,610,7,2023-08-19,2024-08-20,8808.0"
"844,871,10,2023-11-23,2024-12-06,9096.0"
"845,432,10,2023-07-18,2025-03-04,14280.0"
"846,708,10,2023-08-13,2024-05-27,6912.0"
"847,540,6,2024-03-10,2025-05-05,10104.0"
"848,278,5,2023-06-14,2024-12-16,13224.0"
"849,499,1,2023-12-05,2024-08-28,6408.0"
"850,168,5,2023-06-03,2024-06-03,8784.0"
"851,454,8,2023-11-16,2025-05-11,13008.0"
"852,214,4,2024-03-02,2025-04-04,9552.0"
"853,820,1,2023-11-10,2024-12-31,10008.0"
"854,4,2,2024-02-07,2024-12-12,7416.0"
"855,146,8,2023-08-06,2024-06-20,7656.0"
"856,332,6,2024-05-11,2024-11-01,4176.0"
"857,282,5,2024-02-27,2024-10-01,5208.0"
"858,848,9,2024-02-11,2024-09-03,4920.0"
"859,725,10,2023-06-08,2024-09-18,11232.0"
"860,611,6,2024-03-12,2024-12-15,6672.0"
"861,800,3,2023-09-18,2024-10-17,9480.0"
"862,876,4,2024-04-08,2024-11-05,5064.0"
"863,386,5,2023-10-30,2024-07-29,6552.0"
"864,120,2,2024-02-20,2024-12-25,7416.0"
"865,42,3,2023-12-22,2025-03-30,11136.0"
"866,500,10,2023-11-11,2024-09-08,7248.0"
"867,911,7,2023-05-20,2025-02-24,15504.0"
"868,833,3,2023-05-26,2024-09-24,11688.0"
"869,536,2,2023-09-22,2024-09-17,8664.0"
"870,608,6,2024-01-22,2024-09-25,5928.0"
"871,999,8,2023-11-18,2024-06-04,4776.0"
"872,377,8,2023-07-26,2024-08-20,9384.0"
"873,701,1,2023-11-21,2025-04-03,11976.0"
"874,752,7,2024-04-17,2024-09-16,3648.0"
"875,43,5,2024-04-06,2024-09-22,4056.0"
"876,884,5,2024-03-17,2025-01-31,7680.0"
"877,830,9,2024-04-27,2025-01-29,6648.0"
"878,231,6,2023-06-17,2024-10-01,11328.0"
"879,658,7,2024-03-19,2024-10-22,5208.0"
"880,867,8,2024-01-15,2024-12-20,8160.0"
"881,658,5,2024-04-04,2025-01-10,6744.0"
"882,721,7,2023-07-16,2024-08-25,9744.0"
"883,876,9,2024-04-15,2024-08-12,2856.0"
"884,545,7,2023-07-03,2024-12-11,12648.0"
"885,908,4,2024-05-11,2024-09-02,2736.0"
"886,2,6,2024-03-18,2025-01-09,7128.0"
"887,394,6,2023-12-06,2025-01-03,9456.0"
"888,28,2,2023-07-13,2024-06-22,8280.0"
"889,602,7,2024-03-27,2024-11-03,5304.0"
"890,518,5,2023-05-26,2025-03-28,16128.0"
"891,848,3,2023-12-27,2025-01-08,9072.0"
"892,115,2,2023-05-31,2024-08-18,10680.0"
"893,858,4,2023-09-12,2025-05-11,14568.0"
"894,256,4,2023-09-17,2024-09-04,8472.0"
"895,533,1,2024-04-23,2024-10-14,4176.0"
"896,294,3,2023-11-02,2024-07-08,5976.0"
"897,897,7,2023-11-24,2024-10-06,7608.0"
"898,657,2,2023-12-28,2024-08-16,5568.0"
"899,29,8,2023-09-15,2025-03-12,13056.0"
"900,866,6,2024-04-02,2024-07-31,2880.0"
"901,100,9,2023-10-14,2025-01-19,11112.0"
"902,562,5,2024-05-02,2025-01-30,6552.0"
"903,572,5,2023-09-04,2025-04-22,14304.0"
"904,520,4,2023-11-15,2025-03-30,12024.0"
"905,374,9,2023-12-21,2024-09-21,6600.0"
"906,243,6,2023-07-11,2024-09-06,10152.0"
"907,456,3,2023-08-04,2025-05-10,15480.0"
"908,220,6,2023-10-31,2025-03-07,11832.0"
"909,839,8,2023-06-21,2024-12-04,12768.0"
"910,411,8,2024-03-16,2025-03-04,8472.0"
"911,953,9,2024-04-11,2024-06-25,1800.0"
"912,445,5,2023-12-14,2024-10-03,7056.0"
"913,683,6,2023-12-16,2025-01-02,9192.0"
"914,710,1,2023-11-13,2024-12-03,9264.0"
"915,341,9,2023-08-24,2024-07-23,8016.0"
"916,727,6,2023-12-09,2024-09-21,6888.0"
"917,755,10,2024-04-21,2024-07-18,2112.0"
"918,318,5,2024-01-05,2025-03-12,10368.0"
"919,337,5,2024-04-01,2024-12-02,5880.0"
"920,210,6,2024-02-06,2024-06-14,3096.0"
"921,721,4,2023-09-06,2024-06-18,6864.0"
"922,282,2,2023-08-13,2025-03-21,14064.0"
"923,217,9,2023-08-05,2025-04-14,14832.0"
"924,294,9,2023-12-21,2024-09-12,6384.0"
"925,239,8,2023-08-02,2025-03-25,14424.0"
"926,924,1,2024-03-03,2024-10-07,5232.0"
"927,411,4,2023-06-07,2025-03-28,15840.0"
"928,960,10,2023-08-14,2024-10-23,10464.0"
"929,233,2,2024-05-15,2025-02-24,6840.0"
"930,394,7,2023-10-15,2024-12-01,9912.0"
"931,46,9,2023-06-28,2024-11-20,12264.0"
"932,431,8,2023-06-08,2024-06-01,8616.0"
"933,599,2,2023-10-12,2025-05-02,13632.0"
"934,112,10,2024-02-21,2025-04-26,10320.0"
"935,359,7,2023-07-03,2024-05-18,7680.0"
"936,50,7,2023-06-20,2024-07-07,9192.0"
"937,184,10,2023-11-14,2025-05-06,12936.0"
"938,965,7,2023-11-14,2025-01-20,10392.0"
"939,341,10,2023-12-22,2024-09-02,6120.0"
"940,249,7,2024-02-16,2024-12-10,7152.0"
"941,253,8,2023-09-26,2025-04-20,13728.0"
"942,166,4,2023-10-13,2024-08-17,7416.0"
"943,573,3,2023-08-01,2024-11-21,11472.0"
"944,119,5,2024-04-13,2024-10-25,4680.0"
"945,124,7,2023-08-04,2024-10-11,10416.0"
"946,188,6,2023-06-28,2025-02-08,14184.0"
"947,618,6,2023-06-22,2024-12-10,12888.0"
"948,822,5,2024-02-02,2024-06-13,3168.0"
"949,642,1,2024-02-02,2024-10-25,6384.0"
"950,520,6,2023-07-29,2024-06-24,7944.0"
"951,540,7,2023-12-31,2024-12-20,8520.0"
"952,838,5,2023-09-22,2024-10-21,9480.0"
"953,174,9,2024-03-23,2025-01-30,7512.0"
"954,146,8,2023-08-03,2024-05-28,7176.0"
"955,911,4,2024-01-15,2024-06-05,3408.0"
"956,804,10,2023-09-26,2025-01-08,11280.0"
"957,136,7,2024-04-09,2025-03-19,8256.0"
"958,309,10,2023-10-15,2024-10-26,9048.0"
"959,613,3,2024-02-26,2025-03-11,9096.0"
"960,988,7,2023-06-06,2024-06-25,9240.0"
"961,158,4,2024-01-02,2024-12-03,8064.0"
"962,186,10,2023-05-28,2025-02-23,15288.0"
"963,930,7,2023-08-26,2025-02-16,12960.0"
"964,322,9,2023-06-19,2025-02-04,14304.0"
"965,164,4,2023-07-11,2024-08-17,9672.0"
"966,296,1,2024-03-19,2024-12-30,6864.0"
"967,519,7,2023-10-01,2025-05-13,14160.0"
"968,565,3,2023-06-22,2024-06-19,8712.0"
"969,822,4,2023-12-02,2024-08-04,5904.0"
"970,455,7,2023-05-29,2025-02-01,14736.0"
"971,332,9,2023-09-19,2024-07-21,7344.0"
"972,403,7,2024-01-18,2024-07-23,4488.0"
"973,580,9,2023-12-16,2025-01-08,9336.0"
"974,986,7,2023-09-29,2025-05-16,14280.0"
"975,655,10,2024-03-24,2024-08-28,3768.0"
"976,490,3,2023-12-14,2025-04-08,11544.0"
"977,358,3,2023-06-14,2024-07-18,9600.0"
"978,624,7,2023-07-12,2025-03-03,14400.0"
"979,75,10,2024-02-19,2025-01-28,8256.0"
"980,561,1,2023-07-01,2024-07-06,8904.0"
"981,615,10,2024-01-06,2024-08-07,5136.0"
"982,420,9,2024-01-31,2024-11-08,6768.0"
"983,50,3,2024-05-02,2024-10-27,4272.0"
"984,973,4,2023-06-02,2024-06-23,9288.0"
"985,743,6,2023-08-24,2024-12-16,11520.0"
"986,56,6,2024-01-20,2025-02-02,9096.0"
"987,845,7,2024-05-13,2024-06-06,576.0"
"988,718,10,2024-02-01,2024-11-03,6624.0"
"989,308,2,2023-10-06,2024-09-20,8400.0"
"990,734,8,2023-10-13,2024-07-13,6576.0"
"991,946,1,2023-05-20,2025-01-09,14400.0"
"992,39,9,2023-12-28,2025-01-23,9408.0"
"993,517,7,2023-05-27,2025-03-22,15960.0"
"994,277,1,2023-08-23,2025-04-16,14448.0"
"995,978,4,2024-04-12,2024-12-15,5928.0"
"996,201,8,2023-10-13,2024-11-06,9360.0"
"997,705,4,2024-03-28,2024-08-19,3456.0"
"998,668,7,2023-11-03,2024-10-20,8448.0"
"999,349,9,2023-10-11,2024-07-04,6408.0"
"1000,794,6,2023-12-18,2025-02-12,10128.0"
